username,timestamp,value
user_0000,1770542928,-0.9993513909867033
user_0001,1770542929,0.020508211413471145
user_0002,1770542930,0.6971052139997482
user_0003,1770542931,-0.3414487838745117
user_0004,1770542932,0.016907627636101097
user_0005,1770542933,0.011462523440059158
user_0006,1770542934,0.9745916919782758
user_0007,1770542935,-0.994072375819087
user_0008,1770542936,0.7933524358086288
user_0009,1770542937,-0.9134394191205502
user_0010,1770542938,0.9868631926365197
user_0011,1770542939,-0.250801146030426
user_0012,1770542940,0.013592973006780085
user_0013,1770542941,-0.655933678150177
user_0014,1770542942,0.021122142691638146
user_0015,1770542943,-0.9976442758925259
user_0016,1770542944,0.9524710886180401
user_0017,1770542945,0.025335264750538045
user_0018,1770542946,-0.9846079042181373
user_0019,1770542947,-0.9957619132474065
user_0020,1770542948,-0.9990346587437671
user_0021,1770542949,0.028288540645007743
user_0022,1770542950,-0.9909246792085469
user_0023,1770542951,-0.8072247505187988
user_0024,1770542952,0.9288273192942142
user_0025,1770542953,0.009460042035243532
user_0026,1770542954,-0.8284779042005539
user_0027,1770542955,0.011237048009206774
user_0028,1770542956,-0.7040622532367706
user_0029,1770542957,-0.051729172468185425
user_0030,1770542958,0.9665544480085373
user_0031,1770542959,0.006779768753403914
user_0032,1770542960,0.009463323753152508
user_0033,1770542961,0.9685228634625673
user_0034,1770542962,0.012724277135930606
user_0035,1770542963,0.01651709441011917
user_0036,1770542964,0.1558559536933899
user_0037,1770542965,-0.9444828946143389
user_0038,1770542966,0.9220533631742001
user_0039,1770542967,0.01634589054810931
user_0040,1770542968,0.4494430761114927
user_0041,1770542969,0.03678031390882097
user_0042,1770542970,0.9482572842389345
user_0043,1770542971,0.007782083864185552
user_0044,1770542972,-0.9290356151759624
user_0045,1770542973,0.9609255418181419
user_0046,1770542974,-0.993080947548151
user_0047,1770542975,0.9671513484790921
user_0048,1770542976,-0.764801986515522
user_0049,1770542977,0.9538462921045721
user_0050,1770542978,0.8594323061406612
user_0051,1770542979,-0.6570545732975006
user_0052,1770542980,0.9860269851051271
user_0053,1770542981,0.02732202999141009
user_0054,1770542982,0.8845567032694817
user_0055,1770542983,-0.44311052560806274
user_0056,1770542984,0.01470987569882709
user_0057,1770542985,-0.9696503728628159
user_0058,1770542986,0.8074995279312134
user_0059,1770542987,0.001517263357527554
user_0060,1770542988,-0.913238875567913
user_0061,1770542989,0.011384252067728085
user_0062,1770542990,0.968534430488944
user_0063,1770542991,-0.6610717475414276
user_0064,1770542992,0.010215654669991636
user_0065,1770542993,-0.19530460238456726
user_0066,1770542994,0.04558688110046205
user_0067,1770542995,-0.9838246190920472
user_0068,1770542996,0.004681750903273496
user_0069,1770542997,0.965166013687849
user_0070,1770542998,0.8507016003131866
user_0071,1770542999,0.7941536009311676
user_0072,1770543000,0.1576758238952607
user_0073,1770543001,-0.991999264806509
user_0074,1770543002,0.011562867607608496
user_0075,1770543003,0.019736874342925148
user_0076,1770543004,0.7523692399263382
user_0077,1770543005,0.4823271334171295
user_0078,1770543006,-0.9854615884833038
user_0079,1770543007,0.7426583617925644
user_0080,1770543008,0.057641755491204094
user_0081,1770543009,0.8621003329753876
user_0082,1770543010,0.0005649332362054338
user_0083,1770543011,0.8564615771174431
user_0084,1770543012,0.02400390682487341
user_0085,1770543013,0.016549970971027506
user_0086,1770543014,0.02737307269126177
user_0087,1770543015,0.8930777236819267
user_0088,1770543016,0.020129435712988197
user_0089,1770543017,0.012935743336129235
user_0090,1770543018,0.08595967292785645
user_0091,1770543019,-0.9088079817593098
user_0092,1770543020,-0.9007258713245392
user_0093,1770543021,0.9362532533705235
user_0094,1770543022,0.0444119199673878
user_0095,1770543023,-0.7824629247188568
user_0096,1770543024,0.8700751252472401
user_0097,1770543025,-0.9971238005673513
user_0098,1770543026,-0.21752193570137024
user_0099,1770543027,0.01753180374362273
user_0100,1770543028,-0.9646998196840286
user_0101,1770543029,-0.7907758727669716
user_0102,1770543030,-0.8203493282198906
user_0103,1770543031,-0.9889308675192297
user_0104,1770543032,-0.14521372318267822
user_0105,1770543033,0.9630701579153538
user_0106,1770543034,-0.01732298731803894
user_0107,1770543035,0.01704843866173178
user_0108,1770543036,0.9563013296574354
user_0109,1770543037,0.9711446845903993
user_0110,1770543038,0.8573957309126854
user_0111,1770543039,0.020054052383784438
user_0112,1770543040,-0.9995926211995538
user_0113,1770543041,0.009880932277155807
user_0114,1770543042,0.03183019271818921
user_0115,1770543043,0.6904162764549255
user_0116,1770543044,0.007133569418328989
user_0117,1770543045,0.9695901153609157
user_0118,1770543046,0.8955932483077049
user_0119,1770543047,0.9180031828582287
user_0120,1770543048,0.9793844467494637
user_0121,1770543049,-0.15550601482391357
user_0122,1770543050,0.018306840769582777
user_0123,1770543051,0.014840407866358873
user_0124,1770543052,0.017871061140795064
user_0125,1770543053,0.16794472932815552
user_0126,1770543054,0.01183885066802759
user_0127,1770543055,-0.994174016173929
user_0128,1770543056,-0.9683541357517242
user_0129,1770543057,0.004721135081126704
user_0130,1770543058,-0.27323880791664124
user_0131,1770543059,0.9717249711975455
user_0132,1770543060,0.012696160814812174
user_0133,1770543061,-0.9852354037575424
user_0134,1770543062,0.002315966488822596
user_0135,1770543063,-0.8997680954635143
user_0136,1770543064,0.9412066768854856
user_0137,1770543065,0.972826006822288
user_0138,1770543066,0.02131842917879112
user_0139,1770543067,-0.9991233748442028
user_0140,1770543068,0.9378274530172348
user_0141,1770543069,-0.649167537689209
user_0142,1770543070,0.9016693606972694
user_0143,1770543071,0.014596654160413891
user_0144,1770543072,0.8405366912484169
user_0145,1770543073,-0.3039526641368866
user_0146,1770543074,0.5923432260751724
user_0147,1770543075,0.9514798372983932
user_0148,1770543076,-0.137968510389328
user_0149,1770543077,0.057380495316465385
user_0150,1770543078,-0.9971311816480011
user_0151,1770543079,-0.867104172706604
user_0152,1770543080,-0.9954432612285018
user_0153,1770543081,0.015533663192400127
user_0154,1770543082,0.6186212599277496
user_0155,1770543083,0.9094802439212799
user_0156,1770543084,0.020169996686490776
user_0157,1770543085,0.966074044816196
user_0158,1770543086,0.8732978738844395
user_0159,1770543087,0.019308799601276405
user_0160,1770543088,-0.6398600339889526
user_0161,1770543089,-0.6075195372104645
user_0162,1770543090,-0.9484461080282927
user_0163,1770543091,0.012339933634393674
user_0164,1770543092,-0.9868143368512392
user_0165,1770543093,0.6389720793813467
user_0166,1770543094,0.014186702128426987
user_0167,1770543095,0.013313443009792536
user_0168,1770543096,-0.8569871112704277
user_0169,1770543097,-0.9704568665474653
user_0170,1770543098,0.002458970168504493
user_0171,1770543099,0.13662404653950944
user_0172,1770543100,0.16738614439964294
user_0173,1770543101,0.9405849743634462
user_0174,1770543102,0.025613147437979933
user_0175,1770543103,0.002227658468655136
user_0176,1770543104,-0.9982749518821947
user_0177,1770543105,0.3674867965746671
user_0178,1770543106,-0.9955348502844572
user_0179,1770543107,-0.9589790962636471
user_0180,1770543108,0.2078230381011963
user_0181,1770543109,-0.9744080193340778
user_0182,1770543110,0.023384267409710446
user_0183,1770543111,-0.9406755119562149
user_0184,1770543112,0.9631265439093113
user_0185,1770543113,0.04117100290932285
user_0186,1770543114,0.9672605423256755
user_0187,1770543115,-0.9976903303759173
user_0188,1770543116,-0.8524505943059921
user_0189,1770543117,-0.9987444297876209
user_0190,1770543118,0.012621297735677217
user_0191,1770543119,-0.998789020231925
user_0192,1770543120,-0.9722434878349304
user_0193,1770543121,-0.9939566336106509
user_0194,1770543122,0.01699618317798013
user_0195,1770543123,0.0084685786459886
user_0196,1770543124,0.9833452263846993
user_0197,1770543125,0.023741948089082143
user_0198,1770543126,0.9747267761267722
user_0199,1770543127,0.005528232733922778
user_0200,1770543128,-0.9977621593279764
user_0201,1770543129,-0.9799101632088423
user_0202,1770543130,-0.9885817333124578
user_0203,1770543131,0.8043630328029394
user_0204,1770543132,0.014421008406316105
user_0205,1770543133,0.032601597311440855
user_0206,1770543134,-0.6172497868537903
user_0207,1770543135,0.8743321616202593
user_0208,1770543136,0.9575689863413572
user_0209,1770543137,0.03726185087361955
user_0210,1770543138,-0.9961505791870877
user_0211,1770543139,0.01980356080457568
user_0212,1770543140,0.8572941713500768
user_0213,1770543141,0.035754353451920906
user_0214,1770543142,0.8617139123380184
user_0215,1770543143,0.962535155005753
user_0216,1770543144,0.9798648818396032
user_0217,1770543145,0.007789182376654935
user_0218,1770543146,0.8951706662774086
user_0219,1770543147,-0.9685311252251267
user_0220,1770543148,-0.9973534066230059
user_0221,1770543149,-0.7140358090400696
user_0222,1770543150,0.01366600887831737
user_0223,1770543151,-0.4587136507034302
user_0224,1770543152,0.006581450068551931
user_0225,1770543153,-0.3597642183303833
user_0226,1770543154,-0.7047701925039291
user_0227,1770543155,-0.9621430113911629
user_0228,1770543156,-0.9969924137694761
user_0229,1770543157,0.9676838309969753
user_0230,1770543158,0.8586920815287158
user_0231,1770543159,0.016741926473514468
user_0232,1770543160,-0.9245472699403763
user_0233,1770543161,0.025094457174418494
user_0234,1770543162,0.010105813960763044
user_0235,1770543163,-0.6972008794546127
user_0236,1770543164,-0.6251156181097031
user_0237,1770543165,0.9085262604057789
user_0238,1770543166,0.9437583461403847
user_0239,1770543167,-0.9953674755524844
user_0240,1770543168,-0.9734305655583739
user_0241,1770543169,-0.9984594890847802
user_0242,1770543170,0.9385471399873495
user_0243,1770543171,0.003780425754484895
user_0244,1770543172,0.014841460023490072
user_0245,1770543173,-0.09016254544258118
user_0246,1770543174,-0.9538551084697247
user_0247,1770543175,-0.8959906436502934
user_0248,1770543176,0.017760679063030693
user_0249,1770543177,0.9729782631620765
user_0250,1770543178,-0.9882246819324791
user_0251,1770543179,-0.5512701123952866
user_0252,1770543180,0.9922724399075378
user_0253,1770543181,0.9676351970992982
user_0254,1770543182,-0.7953236401081085
user_0255,1770543183,-0.9871652307920158
user_0256,1770543184,-0.9761275723576546
user_0257,1770543185,0.9978346582574886
user_0258,1770543186,0.08870929587283172
user_0259,1770543187,0.00961141697189305
user_0260,1770543188,0.6403562023770064
user_0261,1770543189,0.007947794077153958
user_0262,1770543190,0.028538285225295112
user_0263,1770543191,0.8896561302244663
user_0264,1770543192,0.0081603684448055
user_0265,1770543193,0.09576843638933497
user_0266,1770543194,-0.994783629430458
user_0267,1770543195,-0.7320214807987213
user_0268,1770543196,-0.7789427265524864
user_0269,1770543197,0.02128441274726356
user_0270,1770543198,-0.9955252376385033
user_0271,1770543199,-0.9533805195242167
user_0272,1770543200,-0.9802840063348413
user_0273,1770543201,0.004756490980525996
user_0274,1770543202,0.010024463052104693
user_0275,1770543203,0.9405349101871252
user_0276,1770543204,-0.2674464285373688
user_0277,1770543205,-0.9905289374291897
user_0278,1770543206,-0.023665815591812134
user_0279,1770543207,0.017363056460453663
user_0280,1770543208,-0.9627869483083487
user_0281,1770543209,-0.9744191486388445
user_0282,1770543210,0.009832190104134497
user_0283,1770543211,-0.8151153400540352
user_0284,1770543212,0.015389170524031215
user_0285,1770543213,0.94553381530568
user_0286,1770543214,0.9812885117717087
user_0287,1770543215,0.07751736587306368
user_0288,1770543216,0.007875481436713017
user_0289,1770543217,0.00033504989278299036
user_0290,1770543218,-0.921631209552288
user_0291,1770543219,-0.9729454861953855
user_0292,1770543220,-0.15744999051094055
user_0293,1770543221,0.39423254132270813
user_0294,1770543222,0.08074901226791553
user_0295,1770543223,0.014082968227739912
user_0296,1770543224,0.012200577049043204
user_0297,1770543225,0.02455346345959697
user_0298,1770543226,-0.9929292686283588
user_0299,1770543227,0.24991511646658182
user_0300,1770543228,-0.8190971612930298
user_0301,1770543229,0.030288747228041757
user_0302,1770543230,0.8781962767243385
user_0303,1770543231,0.10496196150779724
user_0304,1770543232,0.04101977663231082
user_0305,1770543233,0.9841778627596796
user_0306,1770543234,0.01777623402631434
user_0307,1770543235,-0.867243304848671
user_0308,1770543236,-0.9933299280237406
user_0309,1770543237,-0.944218885153532
user_0310,1770543238,-0.08063933253288269
user_0311,1770543239,0.007881144954808406
user_0312,1770543240,0.986753823235631
user_0313,1770543241,0.004264647466698079
user_0314,1770543242,0.007917487166196224
user_0315,1770543243,0.008420131978709833
user_0316,1770543244,0.9444185639731586
user_0317,1770543245,0.9693932561203837
user_0318,1770543246,0.01492315503401187
user_0319,1770543247,0.01651058366860525
user_0320,1770543248,0.7921105027198792
user_0321,1770543249,0.0020225007301633013
user_0322,1770543250,-0.3622966706752777
user_0323,1770543251,-0.9425803944468498
user_0324,1770543252,-0.9677990972995758
user_0325,1770543253,-0.32950425148010254
user_0326,1770543254,-0.9932794889900833
user_0327,1770543255,0.007638577659236034
user_0328,1770543256,-0.9963449470233172
user_0329,1770543257,0.01840822783015028
user_0330,1770543258,0.02356778152716288
user_0331,1770543259,0.013108830804412719
user_0332,1770543260,0.019275185048172716
user_0333,1770543261,0.977627242449671
user_0334,1770543262,0.886000502621755
user_0335,1770543263,0.013225540134953917
user_0336,1770543264,0.975730543024838
user_0337,1770543265,0.023318127497987007
user_0338,1770543266,0.019165006511684624
user_0339,1770543267,0.9794001942500472
user_0340,1770543268,0.9751140139997005
user_0341,1770543269,-0.9877798450179398
user_0342,1770543270,0.9883572394028306
user_0343,1770543271,-0.8513903915882111
user_0344,1770543272,0.022084862079282175
user_0345,1770543273,0.020553768867102917
user_0346,1770543274,0.023538438332252554
user_0347,1770543275,-0.6184463948011398
user_0348,1770543276,0.9682033369317651
user_0349,1770543277,0.08738496899604797
user_0350,1770543278,0.974301490932703
user_0351,1770543279,0.9416457563638687
user_0352,1770543280,-0.8160713165998459
user_0353,1770543281,-0.9768991125747561
user_0354,1770543282,0.01720068593203905
user_0355,1770543283,0.01337500972658745
user_0356,1770543284,-0.8237416073679924
user_0357,1770543285,0.18517279453226365
user_0358,1770543286,-0.9989513832842931
user_0359,1770543287,0.014719312381203054
user_0360,1770543288,0.03271791437509819
user_0361,1770543289,-0.9983235271065496
user_0362,1770543290,-0.9989996423828416
user_0363,1770543291,-0.9909472754225135
user_0364,1770543292,0.589871272444725
user_0365,1770543293,-0.977236695587635
user_0366,1770543294,0.009475678915805474
user_0367,1770543295,-0.8993107341229916
user_0368,1770543296,-0.9891120484098792
user_0369,1770543297,0.011476733081508428
user_0370,1770543298,0.014012831232321332
user_0371,1770543299,0.019263889522335376
user_0372,1770543300,0.016161519266461255
user_0373,1770543301,0.009256857052605483
user_0374,1770543302,-0.9840944772586226
user_0375,1770543303,0.42118126153945923
user_0376,1770543304,0.010730693950790737
user_0377,1770543305,0.9524688442179468
user_0378,1770543306,-0.990646431222558
user_0379,1770543307,-0.2744990289211273
user_0380,1770543308,-0.9943949831649661
user_0381,1770543309,0.02052711933356477
user_0382,1770543310,0.9790700757876039
user_0383,1770543311,0.9615742564201355
user_0384,1770543312,0.9756086021661758
user_0385,1770543313,0.38300830125808716
user_0386,1770543314,0.9773252010345459
user_0387,1770543315,0.013829177922161762
user_0388,1770543316,-0.7138501107692719
user_0389,1770543317,-0.8323990404605865
user_0390,1770543318,0.006875831289107737
user_0391,1770543319,0.015413348039146513
user_0392,1770543320,0.9776405394077301
user_0393,1770543321,-0.908975001424551
user_0394,1770543322,0.9777971766889095
user_0395,1770543323,0.0009675030411244734
user_0396,1770543324,0.008829931084619602
user_0397,1770543325,0.02148961510283698
user_0398,1770543326,-0.993698219768703
user_0399,1770543327,0.022558604317964637
user_0400,1770543328,0.01837902131046576
user_0401,1770543329,-0.8862938731908798
user_0402,1770543330,0.8960047785658389
user_0403,1770543331,0.7851749770343304
user_0404,1770543332,-0.9604234118014574
user_0405,1770543333,0.8583557456731796
user_0406,1770543334,0.029476707004505442
user_0407,1770543335,0.7397186160087585
user_0408,1770543336,0.012486197858379455
user_0409,1770543337,0.9812460886314511
user_0410,1770543338,0.9638392417691648
user_0411,1770543339,-0.5204965621232986
user_0412,1770543340,0.018148263321563718
user_0413,1770543341,0.02305551582685439
user_0414,1770543342,0.01215545048671629
user_0415,1770543343,-0.9397233314812183
user_0416,1770543344,0.0624466345179826
user_0417,1770543345,0.959288015961647
user_0418,1770543346,0.01038544690618437
user_0419,1770543347,-0.9410775769501925
user_0420,1770543348,0.7201368808746338
user_0421,1770543349,-0.8081607893109322
user_0422,1770543350,-0.995565882185474
user_0423,1770543351,0.14144647121429443
user_0424,1770543352,-0.8753600865602493
user_0425,1770543353,-0.3767187297344208
user_0426,1770543354,0.4503898024559021
user_0427,1770543355,0.028791528358851792
user_0428,1770543356,-0.9962705074576661
user_0429,1770543357,0.009054263285634079
user_0430,1770543358,0.0002340577476047656
user_0431,1770543359,-0.9986576794763096
user_0432,1770543360,0.004921900507724786
user_0433,1770543361,-0.997921438422054
user_0434,1770543362,0.962429691106081
user_0435,1770543363,0.06738388538360596
user_0436,1770543364,0.9608243182301521
user_0437,1770543365,-0.9715710850432515
user_0438,1770543366,0.04080167323627393
user_0439,1770543367,0.9752135304734111
user_0440,1770543368,0.026848159443034092
user_0441,1770543369,-0.9967565854312852
user_0442,1770543370,0.9844361590221524
user_0443,1770543371,0.9771039430052042
user_0444,1770543372,-0.9824035726487637
user_0445,1770543373,-0.8693961128592491
user_0446,1770543374,0.8785368651151657
user_0447,1770543375,0.9066886119544506
user_0448,1770543376,0.9703444254118949
user_0449,1770543377,-0.9859160631895065
user_0450,1770543378,0.018760963268505293
user_0451,1770543379,0.30026283860206604
user_0452,1770543380,-0.8271787092089653
user_0453,1770543381,0.027927378492677235
user_0454,1770543382,0.9058843441307545
user_0455,1770543383,0.8993314453400671
user_0456,1770543384,0.004033890791106387
user_0457,1770543385,0.03375768339537899
user_0458,1770543386,0.9360895315185189
user_0459,1770543387,0.021093332686177746
user_0460,1770543388,-0.2787518799304962
user_0461,1770543389,0.9506245572119951
user_0462,1770543390,0.965568084269762
user_0463,1770543391,0.01442377298099018
user_0464,1770543392,0.012674821005020931
user_0465,1770543393,0.9939554464071989
user_0466,1770543394,-0.7199526876211166
user_0467,1770543395,-0.9950823991093785
user_0468,1770543396,-0.6114683300256729
user_0469,1770543397,-0.9910044320859015
user_0470,1770543398,-0.9986450396245345
user_0471,1770543399,0.9529245942831039
user_0472,1770543400,-0.8888349793851376
user_0473,1770543401,0.006084674036173965
user_0474,1770543402,0.01624073647053592
user_0475,1770543403,0.2867594063282013
user_0476,1770543404,0.9628721289336681
user_0477,1770543405,0.8769854875281453
user_0478,1770543406,-0.8201441094279289
user_0479,1770543407,0.011804003308498068
user_0480,1770543408,0.8743846118450165
user_0481,1770543409,0.020536982967314543
user_0482,1770543410,0.9747120793908834
user_0483,1770543411,0.17311951518058777
user_0484,1770543412,0.9729722831398249
user_0485,1770543413,0.8382557928562164
user_0486,1770543414,0.05304254013390164
user_0487,1770543415,0.9741253834217787
user_0488,1770543416,0.7954684644937515
user_0489,1770543417,0.9323505503125489
user_0490,1770543418,0.010444105089845834
user_0491,1770543419,-0.9999742173467894
user_0492,1770543420,0.4462876671459526
user_0493,1770543421,0.000889498397555144
user_0494,1770543422,0.93094901740551
user_0495,1770543423,0.08803165727294981
user_0496,1770543424,0.8779904134571552
user_0497,1770543425,0.9043821878731251
user_0498,1770543426,0.013170885183171777
user_0499,1770543427,0.9752776464447379
user_0500,1770543428,0.007985941019796883
user_0501,1770543429,0.004986324332094227
user_0502,1770543430,0.9857642846181989
user_0503,1770543431,-0.9969819316174835
user_0504,1770543432,-0.9994973637512885
user_0505,1770543433,-0.6573631167411804
user_0506,1770543434,-0.9997575642919401
user_0507,1770543435,-0.9938544472679496
user_0508,1770543436,0.0035620477051452326
user_0509,1770543437,-0.9281925484538078
user_0510,1770543438,-0.7248886674642563
user_0511,1770543439,0.023123524566472042
user_0512,1770543440,-0.9563438929617405
user_0513,1770543441,0.045908380725450115
user_0514,1770543442,0.9136141678318381
user_0515,1770543443,-0.9985054443823174
user_0516,1770543444,-0.932135634124279
user_0517,1770543445,0.9478516783565283
user_0518,1770543446,0.9419596269726753
user_0519,1770543447,0.02972404948377516
user_0520,1770543448,0.009559816688124556
user_0521,1770543449,0.6057639271020889
user_0522,1770543450,-0.9804910765960813
user_0523,1770543451,-0.9709491971880198
user_0524,1770543452,0.0459438292455161
user_0525,1770543453,0.010816720026014082
user_0526,1770543454,0.01488764006535348
user_0527,1770543455,0.3028785656497348
user_0528,1770543456,-0.8760484643280506
user_0529,1770543457,-0.643854558467865
user_0530,1770543458,-0.9333401694893837
user_0531,1770543459,-0.9997545227670344
user_0532,1770543460,0.8728409707546234
user_0533,1770543461,0.02616414705335046
user_0534,1770543462,0.008403371461099596
user_0535,1770543463,0.023183746954600792
user_0536,1770543464,-0.9103790111839771
user_0537,1770543465,0.014385946629772661
user_0538,1770543466,0.9249145276844501
user_0539,1770543467,0.035870105028152466
user_0540,1770543468,0.9751892741769552
user_0541,1770543469,0.01883532985812053
user_0542,1770543470,-0.2670605778694153
user_0543,1770543471,-0.7620912119746208
user_0544,1770543472,0.8625617399811745
user_0545,1770543473,-0.9992194156511687
user_0546,1770543474,0.8997980579733849
user_0547,1770543475,0.9472933113574982
user_0548,1770543476,-0.9965049752499908
user_0549,1770543477,0.9792776652611792
user_0550,1770543478,0.1491468846797943
user_0551,1770543479,-0.15783488750457764
user_0552,1770543480,0.9580185189843178
user_0553,1770543481,0.008337108171872387
user_0554,1770543482,0.028041370595019544
user_0555,1770543483,0.055362514242006
user_0556,1770543484,0.5073961466550827
user_0557,1770543485,-0.163987398147583
user_0558,1770543486,0.9999997836443555
user_0559,1770543487,0.023766989641444525
user_0560,1770543488,0.01290748042811174
user_0561,1770543489,-0.7677643224596977
user_0562,1770543490,-0.17783918976783752
user_0563,1770543491,-0.821486808359623
user_0564,1770543492,-0.8154524117708206
user_0565,1770543493,-0.995087958406657
user_0566,1770543494,0.053552398007013835
user_0567,1770543495,-0.8780943676829338
user_0568,1770543496,0.01796801535965642
user_0569,1770543497,0.01219545365893282
user_0570,1770543498,-0.9982518618344329
user_0571,1770543499,-0.9806250715628266
user_0572,1770543500,0.02229380261633196
user_0573,1770543501,0.017474956483056303
user_0574,1770543502,-0.43298402428627014
user_0575,1770543503,0.0226595596086554
user_0576,1770543504,0.020656941404013196
user_0577,1770543505,0.010218868364063383
user_0578,1770543506,-0.9783819131553173
user_0579,1770543507,0.017516517349577043
user_0580,1770543508,0.026288960314559517
user_0581,1770543509,0.006158044725452783
user_0582,1770543510,-0.9623161870986223
user_0583,1770543511,0.9691711524501443
user_0584,1770543512,0.019369672207176336
user_0585,1770543513,0.9605626445263624
user_0586,1770543514,-0.9996032049384667
user_0587,1770543515,0.9664395486470312
user_0588,1770543516,0.7439037933945656
user_0589,1770543517,0.9466785788536072
user_0590,1770543518,0.9852486839517951
user_0591,1770543519,0.006069098127227335
user_0592,1770543520,-0.9848982742987573
user_0593,1770543521,-0.0897899866104126
user_0594,1770543522,0.02346770989606739
user_0595,1770543523,0.9102377551607788
user_0596,1770543524,-0.3351375162601471
user_0597,1770543525,0.017312856864009518
user_0598,1770543526,0.0159286163343495
user_0599,1770543527,0.9606290366500616
user_0600,1770543528,-0.7774807214736938
user_0601,1770543529,-0.8133846074342728
user_0602,1770543530,-0.7028995305299759
user_0603,1770543531,0.14969536662101746
user_0604,1770543532,-0.8364567384123802
user_0605,1770543533,-0.6521973758935928
user_0606,1770543534,-0.9968364608939737
user_0607,1770543535,-0.816175676882267
user_0608,1770543536,-0.9924839986488223
user_0609,1770543537,0.012490564738982357
user_0610,1770543538,-0.9997821284341626
user_0611,1770543539,0.0199477453243162
user_0612,1770543540,0.009304900860570342
user_0613,1770543541,0.024213017568399664
user_0614,1770543542,-0.9967813420807943
user_0615,1770543543,0.9268477007281035
user_0616,1770543544,0.9819267867133021
user_0617,1770543545,-0.9901345954276621
user_0618,1770543546,0.7971277311444283
user_0619,1770543547,0.01620241443742998
user_0620,1770543548,-0.714380294084549
user_0621,1770543549,0.97399777546525
user_0622,1770543550,0.9999999999685844
user_0623,1770543551,-0.44077134132385254
user_0624,1770543552,0.0007065959119358922
user_0625,1770543553,0.024594307702500373
user_0626,1770543554,-0.9987419594544917
user_0627,1770543555,0.9359909296035767
user_0628,1770543556,0.03724244080694916
user_0629,1770543557,-0.7222849577665329
user_0630,1770543558,-0.9348069429397583
user_0631,1770543559,-0.8174099326133728
user_0632,1770543560,0.01104865469460492
user_0633,1770543561,0.009571774954565626
user_0634,1770543562,0.025714124743899447
user_0635,1770543563,0.015940347605464922
user_0636,1770543564,0.01863503083404794
user_0637,1770543565,0.40908097388455644
user_0638,1770543566,0.016551821356188157
user_0639,1770543567,-0.8894707038998604
user_0640,1770543568,-0.929513081908226
user_0641,1770543569,0.030557659314581542
user_0642,1770543570,-0.9970554476603866
user_0643,1770543571,0.027249007387581514
user_0644,1770543572,0.1799052357673645
user_0645,1770543573,-0.9637429285794497
user_0646,1770543574,-0.9704240644350648
user_0647,1770543575,0.034887631289166166
user_0648,1770543576,0.03059573819700745
user_0649,1770543577,0.06472538388334215
user_0650,1770543578,0.9538909494876862
user_0651,1770543579,-0.9997039566660533
user_0652,1770543580,-0.9139385521411896
user_0653,1770543581,-0.028382092714309692
user_0654,1770543582,-0.926653329282999
user_0655,1770543583,0.9445013161748648
user_0656,1770543584,-0.9947564292233437
user_0657,1770543585,-0.38945579528808594
user_0658,1770543586,-0.7059399485588074
user_0659,1770543587,0.02306275577393535
user_0660,1770543588,0.0015408500116791402
user_0661,1770543589,-0.6236543655395508
user_0662,1770543590,0.021588118383078836
user_0663,1770543591,0.9764675498008728
user_0664,1770543592,0.08954964514123276
user_0665,1770543593,0.9601522497832775
user_0666,1770543594,0.91822949051857
user_0667,1770543595,0.19051292538642883
user_0668,1770543596,-0.42539674043655396
user_0669,1770543597,-0.8902157209813595
user_0670,1770543598,0.035056634773354745
user_0671,1770543599,0.9084806442260742
user_0672,1770543600,0.8276442289352417
user_0673,1770543601,-0.9939598762430251
user_0674,1770543602,0.9725546527188271
user_0675,1770543603,0.016775878442786052
user_0676,1770543604,-0.9737077541649342
user_0677,1770543605,0.9409102443605661
user_0678,1770543606,0.8088615303859115
user_0679,1770543607,-0.9582218807190657
user_0680,1770543608,0.016527310568562825
user_0681,1770543609,0.011581551335439144
user_0682,1770543610,-0.47236964106559753
user_0683,1770543611,-0.9584785476326942
user_0684,1770543612,0.9668754749000072
user_0685,1770543613,0.9821734013967216
user_0686,1770543614,0.0009497138421465934
user_0687,1770543615,0.03415704616054427
user_0688,1770543616,0.015370725266620866
user_0689,1770543617,0.9666464338079095
user_0690,1770543618,-0.8527879118919373
user_0691,1770543619,0.010988411948346766
user_0692,1770543620,0.015272755068508559
user_0693,1770543621,-0.94347676448524
user_0694,1770543622,0.010631573560203833
user_0695,1770543623,0.9615505784749985
user_0696,1770543624,-0.5629373341798782
user_0697,1770543625,0.16994286541012116
user_0698,1770543626,-0.9927446399815381
user_0699,1770543627,0.944732234813273
user_0700,1770543628,0.018378269251115853
user_0701,1770543629,0.026784821799083147
user_0702,1770543630,-0.7909793108701706
user_0703,1770543631,0.9520092327147722
user_0704,1770543632,-0.9979488701792434
user_0705,1770543633,-0.9436205513775349
user_0706,1770543634,-0.016011536121368408
user_0707,1770543635,0.006598769598440413
user_0708,1770543636,-0.979540903121233
user_0709,1770543637,0.943522147834301
user_0710,1770543638,0.8863536417484283
user_0711,1770543639,0.0265534421778284
user_0712,1770543640,0.00484641327011559
user_0713,1770543641,0.9693148024380207
user_0714,1770543642,0.8941369615495205
user_0715,1770543643,0.9728601640090346
user_0716,1770543644,0.03987524572585244
user_0717,1770543645,0.013273543170726043
user_0718,1770543646,-0.9862066744826734
user_0719,1770543647,0.028873357172415126
user_0720,1770543648,-0.8651079908013344
user_0721,1770543649,0.9631249578669667
user_0722,1770543650,0.017034787308148225
user_0723,1770543651,-0.7924325689673424
user_0724,1770543652,0.01632639091076271
user_0725,1770543653,0.019247604910560767
user_0726,1770543654,-0.4886411726474762
user_0727,1770543655,0.02678803806520591
user_0728,1770543656,-0.9653626382350922
user_0729,1770543657,-0.998786287731491
user_0730,1770543658,0.004041705904000992
user_0731,1770543659,0.881015024613589
user_0732,1770543660,0.032156379013031255
user_0733,1770543661,-0.8093195781111717
user_0734,1770543662,-0.9831708259880543
user_0735,1770543663,0.013048583125055302
user_0736,1770543664,0.009127661684033228
user_0737,1770543665,-0.9977035772753879
user_0738,1770543666,-0.22770047187805176
user_0739,1770543667,0.018439123707139515
user_0740,1770543668,0.03299214025537367
user_0741,1770543669,0.0470949083683081
user_0742,1770543670,0.9842491885647178
user_0743,1770543671,-0.4742896556854248
user_0744,1770543672,-0.9736244175583124
user_0745,1770543673,0.01968961701641092
user_0746,1770543674,0.9233984537422657
user_0747,1770543675,-0.6360092163085938
user_0748,1770543676,0.16167250275611877
user_0749,1770543677,0.011771425381084555
user_0750,1770543678,-0.9638681951910257
user_0751,1770543679,0.011031620606445358
user_0752,1770543680,0.7977289855480194
user_0753,1770543681,0.9149225801229477
user_0754,1770543682,-0.9600507412105799
user_0755,1770543683,0.9470646437257528
user_0756,1770543684,0.011546351700872037
user_0757,1770543685,0.00986557303895097
user_0758,1770543686,-0.9967150196898729
user_0759,1770543687,-0.8207626938819885
user_0760,1770543688,0.9576691910624504
user_0761,1770543689,0.00959145790011462
user_0762,1770543690,0.9937245930195786
user_0763,1770543691,-0.7444440424442291
user_0764,1770543692,-0.9175690822303295
user_0765,1770543693,-0.9828197555616498
user_0766,1770543694,-0.939607135951519
user_0767,1770543695,0.9503940660506487
user_0768,1770543696,0.42077139019966125
user_0769,1770543697,0.01470798868467682
user_0770,1770543698,0.025793936605623458
user_0771,1770543699,0.013054432092758361
user_0772,1770543700,0.01181643665950105
user_0773,1770543701,0.011111170323601982
user_0774,1770543702,0.01874902591225691
user_0775,1770543703,0.006982025341130793
user_0776,1770543704,0.946493262425065
user_0777,1770543705,0.025498292825432145
user_0778,1770543706,0.9734104312956333
user_0779,1770543707,0.9739998797886074
user_0780,1770543708,-0.9993712239083834
user_0781,1770543709,0.9524139547720551
user_0782,1770543710,0.5948296189308167
user_0783,1770543711,0.00900114350451986
user_0784,1770543712,-0.9879791559651494
user_0785,1770543713,-0.8004832193255424
user_0786,1770543714,0.8988714907318354
user_0787,1770543715,0.8774861097335815
user_0788,1770543716,0.843204066157341
user_0789,1770543717,0.017226320292138553
user_0790,1770543718,-0.9825649242848158
user_0791,1770543719,0.009614714539566194
user_0792,1770543720,0.9671416394412518
user_0793,1770543721,0.012539326034129772
user_0794,1770543722,0.9729483230039477
user_0795,1770543723,0.014955442279642739
user_0796,1770543724,0.879692830145359
user_0797,1770543725,-0.1136738657951355
user_0798,1770543726,-0.44908323884010315
user_0799,1770543727,0.16795942187309265
user_0800,1770543728,-0.9890583218075335
user_0801,1770543729,0.9130777232348919
user_0802,1770543730,0.17872664332389832
user_0803,1770543731,0.011062736390158534
user_0804,1770543732,0.02538270588229352
user_0805,1770543733,-0.7439214438199997
user_0806,1770543734,0.2681509554386139
user_0807,1770543735,0.9404276583809406
user_0808,1770543736,-0.9837823370471597
user_0809,1770543737,0.009416391514605493
user_0810,1770543738,-0.9971021380042657
user_0811,1770543739,0.975024638697505
user_0812,1770543740,0.014463289578998229
user_0813,1770543741,0.048125508892553626
user_0814,1770543742,0.017173077431834827
user_0815,1770543743,-0.8762118071317673
user_0816,1770543744,0.9758552433922887
user_0817,1770543745,-0.35152342915534973
user_0818,1770543746,0.9515517242252827
user_0819,1770543747,0.9397147465497255
user_0820,1770543748,-0.13149425387382507
user_0821,1770543749,0.005760296755852323
user_0822,1770543750,0.014877524660732888
user_0823,1770543751,-0.9992873801093083
user_0824,1770543752,0.9268416054546833
user_0825,1770543753,0.007468684138984827
user_0826,1770543754,0.01567592067840451
user_0827,1770543755,-0.9993955709214788
user_0828,1770543756,-0.9852200755849481
user_0829,1770543757,-0.9903027932159603
user_0830,1770543758,-0.3351975381374359
user_0831,1770543759,0.015376326275145402
user_0832,1770543760,-0.9965885269921273
user_0833,1770543761,0.4586244523525238
user_0834,1770543762,0.02123664384816948
user_0835,1770543763,-0.6381799280643463
user_0836,1770543764,0.015189352249763033
user_0837,1770543765,0.9264192301779985
user_0838,1770543766,0.9803232681006193
user_0839,1770543767,-0.61610347032547
user_0840,1770543768,0.023022203258733498
user_0841,1770543769,0.02644692168905749
user_0842,1770543770,0.979999600443989
user_0843,1770543771,0.9692621703725308
user_0844,1770543772,-0.9898449666798115
user_0845,1770543773,-0.9861433794721961
user_0846,1770543774,0.9617683417163789
user_0847,1770543775,0.06711018085479736
user_0848,1770543776,-0.1978176236152649
user_0849,1770543777,-0.9877705802209675
user_0850,1770543778,0.014924544484529179
user_0851,1770543779,0.904251541942358
user_0852,1770543780,0.017081494150261278
user_0853,1770543781,0.020443746848286537
user_0854,1770543782,-0.957160072401166
user_0855,1770543783,0.5157511979341507
user_0856,1770543784,0.968150919303298
user_0857,1770543785,-0.9922307364176959
user_0858,1770543786,0.9064807929098606
user_0859,1770543787,-0.9968107151798904
user_0860,1770543788,-0.5400593727827072
user_0861,1770543789,0.007298487683328858
user_0862,1770543790,-0.5783726871013641
user_0863,1770543791,-0.9732492212206125
user_0864,1770543792,-0.9917376972734928
user_0865,1770543793,0.009097403377381852
user_0866,1770543794,0.029741836568064173
user_0867,1770543795,0.017938366333510203
user_0868,1770543796,-0.6902676522731781
user_0869,1770543797,-0.9480074997991323
user_0870,1770543798,0.95589854195714
user_0871,1770543799,-0.9844847461208701
user_0872,1770543800,-0.9985027504735626
user_0873,1770543801,0.28884825110435486
user_0874,1770543802,-0.9473701473325491
user_0875,1770543803,0.998794936228137
user_0876,1770543804,-0.9985338771948591
user_0877,1770543805,-0.6124275475740433
user_0878,1770543806,0.9829271445050836
user_0879,1770543807,0.6316586583852768
user_0880,1770543808,0.014985320045525441
user_0881,1770543809,0.08813766077219043
user_0882,1770543810,0.9559659287333488
user_0883,1770543811,0.7002633064985275
user_0884,1770543812,0.9654576536267996
user_0885,1770543813,-0.9989696588600054
user_0886,1770543814,-0.9801587155088782
user_0887,1770543815,-0.9996877854282502
user_0888,1770543816,0.013760306464973837
user_0889,1770543817,0.9661934897303581
user_0890,1770543818,0.9670681990683079
user_0891,1770543819,0.9692220855504274
user_0892,1770543820,0.9633256779052317
user_0893,1770543821,0.9822847414761782
user_0894,1770543822,0.9778103060962167
user_0895,1770543823,-0.9479865916073322
user_0896,1770543824,0.0330558273672068
user_0897,1770543825,0.94140141364187
user_0898,1770543826,-0.3857627809047699
user_0899,1770543827,0.5399044305086136
user_0900,1770543828,0.00802333672891109
user_0901,1770543829,-0.9540376085788012
user_0902,1770543830,-0.20357808470726013
user_0903,1770543831,-0.9475249815732241
user_0904,1770543832,0.9551972448825836
user_0905,1770543833,-0.2761356830596924
user_0906,1770543834,0.12629562616348267
user_0907,1770543835,-0.9591579660773277
user_0908,1770543836,-0.9975440029520541
user_0909,1770543837,-0.05734089016914368
user_0910,1770543838,0.9682861408218741
user_0911,1770543839,0.04774703044677153
user_0912,1770543840,-0.9990096503170207
user_0913,1770543841,-0.6117381900548935
user_0914,1770543842,0.009196761089697247
user_0915,1770543843,0.017122299865150126
user_0916,1770543844,0.01663637772162474
user_0917,1770543845,0.04955215579684591
user_0918,1770543846,-0.999507718719542
user_0919,1770543847,0.9603224406018853
user_0920,1770543848,0.01062819180515362
user_0921,1770543849,0.9921250590123236
user_0922,1770543850,-0.997556863934733
user_0923,1770543851,0.9599432004615664
user_0924,1770543852,0.6973230582661927
user_0925,1770543853,0.012045135686094
user_0926,1770543854,0.015355566075413662
user_0927,1770543855,0.955887908115983
user_0928,1770543856,0.008439694657681684
user_0929,1770543857,-0.7031105756759644
user_0930,1770543858,0.8288614675402641
user_0931,1770543859,-0.8845204412937164
user_0932,1770543860,-0.9671624582260847
user_0933,1770543861,-0.8781487978994846
user_0934,1770543862,-0.9942286964505911
user_0935,1770543863,-0.6140548437833786
user_0936,1770543864,-0.9981794890481979
user_0937,1770543865,0.01615706557277008
user_0938,1770543866,-0.9975952366366982
user_0939,1770543867,-0.9918024204671383
user_0940,1770543868,0.017814186878240434
user_0941,1770543869,0.956428300589323
user_0942,1770543870,0.8958562351763248
user_0943,1770543871,0.031815113510674564
user_0944,1770543872,0.9827611350920051
user_0945,1770543873,0.020567773544826196
user_0946,1770543874,-0.9817308625206351
user_0947,1770543875,0.022601013150051585
user_0948,1770543876,0.01043513144577446
user_0949,1770543877,-0.5600480437278748
user_0950,1770543878,0.1550702154636383
user_0951,1770543879,-0.9995588795427466
user_0952,1770543880,0.01481011533542187
user_0953,1770543881,-0.4206569790840149
user_0954,1770543882,-0.9982513699796982
user_0955,1770543883,0.014642897822341183
user_0956,1770543884,0.9797817333601415
user_0957,1770543885,-0.7088070958852768
user_0958,1770543886,0.7789008924737573
user_0959,1770543887,0.946403831243515
user_0960,1770543888,0.010923740619546152
user_0961,1770543889,-0.3220522999763489
user_0962,1770543890,0.00211080100189065
user_0963,1770543891,0.9732623626478016
user_0964,1770543892,0.94253721088171
user_0965,1770543893,-0.9882928705774248
user_0966,1770543894,0.012037071551276313
user_0967,1770543895,-0.9597282782196999
user_0968,1770543896,0.012461012480343925
user_0969,1770543897,-0.8577525243163109
user_0970,1770543898,0.9584439340978861
user_0971,1770543899,0.9765404099598527
user_0972,1770543900,-0.9986368473037146
user_0973,1770543901,0.015731528705146047
user_0974,1770543902,0.01137534850386146
user_0975,1770543903,0.97021893132478
user_0976,1770543904,0.009544815200570156
user_0977,1770543905,0.9718432752415538
user_0978,1770543906,0.013770698713415186
user_0979,1770543907,0.9425896713510156
user_0980,1770543908,-0.9973939530318603
user_0981,1770543909,0.9370745215564966
user_0982,1770543910,-0.943894675001502
user_0983,1770543911,0.021778453825390898
user_0984,1770543912,0.9399549681693316
user_0985,1770543913,-0.2603370786002497
user_0986,1770543914,0.9162580482661724
user_0987,1770543915,0.6576929241418839
user_0988,1770543916,0.9291937611997128
user_0989,1770543917,-0.8801019750535488
user_0990,1770543918,0.9221940040588379
user_0991,1770543919,0.014345170726301149
user_0992,1770543920,-0.9480638988316059
user_0993,1770543921,0.5504427403211594
user_0994,1770543922,0.9032223373651505
user_0995,1770543923,0.036476724522799486
user_0996,1770543924,0.015184393430899945
user_0997,1770543925,-0.9974059867672622
user_0998,1770543926,-0.9922031299211085
user_0999,1770543927,-0.498738095164299
user_1000,1770543928,-0.8471101522445679
user_1001,1770543929,0.012334902079601306
user_1002,1770543930,-0.8457439467310905
user_1003,1770543931,0.9701326135545969
user_1004,1770543932,-0.969001212157309
user_1005,1770543933,0.024081332334390027
user_1006,1770543934,0.9783184668049216
user_1007,1770543935,0.9773823330178857
user_1008,1770543936,0.013568084108555922
user_1009,1770543937,0.615186020731926
user_1010,1770543938,-0.9944808962754905
user_1011,1770543939,-0.8977713249623775
user_1012,1770543940,-0.9984890842461027
user_1013,1770543941,0.7217205229680985
user_1014,1770543942,0.03586164393709623
user_1015,1770543943,-0.8321105614304543
user_1016,1770543944,-0.9719308828935027
user_1017,1770543945,-0.9441397860646248
user_1018,1770543946,-0.8367512002587318
user_1019,1770543947,0.9549206886440516
user_1020,1770543948,-0.383309930562973
user_1021,1770543949,0.010550956572842551
user_1022,1770543950,0.007259736455125676
user_1023,1770543951,0.007282499682332855
user_1024,1770543952,0.9794354033656418
user_1025,1770543953,0.9685108261182904
user_1026,1770543954,0.0071109427817646065
user_1027,1770543955,0.970055247657001
user_1028,1770543956,-0.8732724040746689
user_1029,1770543957,0.8359465375542641
user_1030,1770543958,-0.9965468319132924
user_1031,1770543959,0.9705453412607312
user_1032,1770543960,0.014361943037329183
user_1033,1770543961,0.039431707104085945
user_1034,1770543962,0.8506630510091782
user_1035,1770543963,0.8555562421679497
user_1036,1770543964,0.9332749731838703
user_1037,1770543965,0.845627224072814
user_1038,1770543966,0.00047217093469953397
user_1039,1770543967,0.02059525003460294
user_1040,1770543968,0.8927487409673631
user_1041,1770543969,0.9984613034757785
user_1042,1770543970,0.9626679327338934
user_1043,1770543971,0.36197009682655334
user_1044,1770543972,-0.9751963103190064
user_1045,1770543973,-0.9695542687550187
user_1046,1770543974,0.9157548304647207
user_1047,1770543975,-0.9280965849757195
user_1048,1770543976,0.9765472346916795
user_1049,1770543977,-0.9772616438567638
user_1050,1770543978,0.9634736962616444
user_1051,1770543979,0.008907998406357365
user_1052,1770543980,0.9540479048155248
user_1053,1770543981,-0.9230641461908817
user_1054,1770543982,0.015477962242584908
user_1055,1770543983,-0.12547162175178528
user_1056,1770543984,0.028389278762915637
user_1057,1770543985,-0.9552160333842039
user_1058,1770543986,0.018442186747051892
user_1059,1770543987,0.9632747871801257
user_1060,1770543988,-0.091959148645401
user_1061,1770543989,0.0224461343314033
user_1062,1770543990,-0.9924750356003642
user_1063,1770543991,0.021655241298503825
user_1064,1770543992,0.9715223899111152
user_1065,1770543993,-0.9664245396852493
user_1066,1770543994,0.9729150859639049
user_1067,1770543995,0.013500576738806558
user_1068,1770543996,-0.9610672071576118
user_1069,1770543997,0.5871165543794632
user_1070,1770543998,0.014501369827485178
user_1071,1770543999,-0.9990400824171957
user_1072,1770544000,0.8624612912535667
user_1073,1770544001,-0.9426623694598675
user_1074,1770544002,-0.9014706313610077
user_1075,1770544003,-0.6705434769392014
user_1076,1770544004,-0.9950283779762685
user_1077,1770544005,0.9411360425874591
user_1078,1770544006,-0.9056382142007351
user_1079,1770544007,0.0606010819428775
user_1080,1770544008,-0.9862808235920966
user_1081,1770544009,0.9065009020268917
user_1082,1770544010,0.9713775268755853
user_1083,1770544011,0.0068976661896158475
user_1084,1770544012,0.016250293110715575
user_1085,1770544013,0.8938090950250626
user_1086,1770544014,0.008454447477561189
user_1087,1770544015,0.9727030843496323
user_1088,1770544016,0.017957389686671377
user_1089,1770544017,-0.27157002687454224
user_1090,1770544018,-0.9172697849571705
user_1091,1770544019,0.21278083324432373
user_1092,1770544020,0.9344083778560162
user_1093,1770544021,-0.990315459202975
user_1094,1770544022,0.9665012806653976
user_1095,1770544023,0.010559935943092569
user_1096,1770544024,-0.9935306848492473
user_1097,1770544025,0.10203457626630552
user_1098,1770544026,0.9652459379285574
user_1099,1770544027,0.974089309318515
user_1100,1770544028,-0.9925411997828633
user_1101,1770544029,0.028207840101458714
user_1102,1770544030,-0.9999039674912638
user_1103,1770544031,0.9800428705639206
user_1104,1770544032,-0.929366048425436
user_1105,1770544033,0.006706405221848399
user_1106,1770544034,-0.9999659087225155
user_1107,1770544035,0.9633901789784431
user_1108,1770544036,0.014222583760783891
user_1109,1770544037,-0.7114598155021667
user_1110,1770544038,0.02031945671478752
user_1111,1770544039,-0.7441488951444626
user_1112,1770544040,-0.7240361869335175
user_1113,1770544041,-0.9986252033268102
user_1114,1770544042,0.00873908888979713
user_1115,1770544043,0.012992767929972615
user_1116,1770544044,0.8360070865601301
user_1117,1770544045,-0.9721551397815347
user_1118,1770544046,-0.020838260650634766
user_1119,1770544047,-0.8233662694692612
user_1120,1770544048,-0.9300215095281601
user_1121,1770544049,0.02000620187845925
user_1122,1770544050,0.043697456658264855
user_1123,1770544051,0.9764621173962951
user_1124,1770544052,-0.8830243721604347
user_1125,1770544053,0.9664768259972334
user_1126,1770544054,-0.9644024316221476
user_1127,1770544055,0.8988746292889118
user_1128,1770544056,-0.8704834505915642
user_1129,1770544057,0.019026360824682342
user_1130,1770544058,0.8915564306080341
user_1131,1770544059,0.009256263622773986
user_1132,1770544060,0.9053210727870464
user_1133,1770544061,-0.8246522545814514
user_1134,1770544062,0.02856422434342676
user_1135,1770544063,0.009036330829076178
user_1136,1770544064,0.04540827788878232
user_1137,1770544065,0.013269790078993537
user_1138,1770544066,0.9693028312176466
user_1139,1770544067,0.9403468631207943
user_1140,1770544068,-0.9659225735813379
user_1141,1770544069,-0.9964942288352177
user_1142,1770544070,-0.632953867316246
user_1143,1770544071,-0.7083898186683655
user_1144,1770544072,0.3144477605819702
user_1145,1770544073,-0.6953585296869278
user_1146,1770544074,0.01914023278732202
user_1147,1770544075,0.010176765556025202
user_1148,1770544076,0.7893925905227661
user_1149,1770544077,-0.9949103887192905
user_1150,1770544078,0.013108428210216516
user_1151,1770544079,-0.9247821196913719
user_1152,1770544080,0.013578710597357713
user_1153,1770544081,0.032932658254139824
user_1154,1770544082,-0.9989382468047552
user_1155,1770544083,-0.9988842853344977
user_1156,1770544084,0.013971636939459131
user_1157,1770544085,0.003058196969504934
user_1158,1770544086,-0.9992450986756012
user_1159,1770544087,0.4332447946071625
user_1160,1770544088,-0.8118989244103432
user_1161,1770544089,0.006979835555739555
user_1162,1770544090,-0.4200741648674011
user_1163,1770544091,0.02784140097355703
user_1164,1770544092,0.9740215567871928
user_1165,1770544093,0.9694821713492274
user_1166,1770544094,0.9849353635217994
user_1167,1770544095,-0.8496073707938194
user_1168,1770544096,-0.7019052654504776
user_1169,1770544097,0.028938952053067624
user_1170,1770544098,-0.7685096710920334
user_1171,1770544099,0.9556636931374669
user_1172,1770544100,0.03296865232005075
user_1173,1770544101,0.23200503837142605
user_1174,1770544102,0.012161014332377817
user_1175,1770544103,0.018168358437833376
user_1176,1770544104,0.03008560128364479
user_1177,1770544105,0.022303007182927104
user_1178,1770544106,0.012187114143671351
user_1179,1770544107,0.013539746893002302
user_1180,1770544108,8.809845894575119e-06
user_1181,1770544109,0.04223312093381537
user_1182,1770544110,0.9419817994348705
user_1183,1770544111,-0.7443798333406448
user_1184,1770544112,0.9515761360526085
user_1185,1770544113,-0.49378305673599243
user_1186,1770544114,-0.9501472767442465
user_1187,1770544115,0.9518460420658812
user_1188,1770544116,0.20579305291175842
user_1189,1770544117,0.0190115772838908
user_1190,1770544118,0.9466759013012052
user_1191,1770544119,0.6712919324636459
user_1192,1770544120,-0.17408573627471924
user_1193,1770544121,0.6085497289896011
user_1194,1770544122,-0.8313441127538681
user_1195,1770544123,0.014579373692868103
user_1196,1770544124,0.9498945819213986
user_1197,1770544125,-0.8785291127860546
user_1198,1770544126,0.9540695063769817
user_1199,1770544127,0.9172020629048347
user_1200,1770544128,0.01875848462805152
user_1201,1770544129,0.9227110724896193
user_1202,1770544130,-0.8863492198288441
user_1203,1770544131,0.8197022005915642
user_1204,1770544132,-0.035720378160476685
user_1205,1770544133,-0.7860657721757889
user_1206,1770544134,-0.7899033799767494
user_1207,1770544135,0.012118232822103892
user_1208,1770544136,0.034832121893487056
user_1209,1770544137,-0.9997212032758398
user_1210,1770544138,0.014483018637292844
user_1211,1770544139,0.011594580884775496
user_1212,1770544140,0.019581400028982898
user_1213,1770544141,-0.9677755460143089
user_1214,1770544142,0.009545064463964081
user_1215,1770544143,0.9400417115539312
user_1216,1770544144,0.9594187275506556
user_1217,1770544145,-0.9974615592509508
user_1218,1770544146,-0.9916439242660999
user_1219,1770544147,0.010018200564445578
user_1220,1770544148,0.1575070321559906
user_1221,1770544149,0.9823044536169618
user_1222,1770544150,0.9707398172467947
user_1223,1770544151,0.008890397206414491
user_1224,1770544152,0.8313186205923557
user_1225,1770544153,0.012530277988844318
user_1226,1770544154,0.01822179714054073
user_1227,1770544155,-0.9044922515749931
user_1228,1770544156,0.02331281322040013
user_1229,1770544157,0.9961946225957945
user_1230,1770544158,0.9805749598890543
user_1231,1770544159,-0.9997039014851907
user_1232,1770544160,0.021817583343363367
user_1233,1770544161,0.011370663301022432
user_1234,1770544162,-0.9995000614435412
user_1235,1770544163,0.00010933968851389864
user_1236,1770544164,-0.9989615972153842
user_1237,1770544165,-0.6192341446876526
user_1238,1770544166,0.011415819923968229
user_1239,1770544167,0.9601092878729105
user_1240,1770544168,0.02032504971793969
user_1241,1770544169,0.009015521592118603
user_1242,1770544170,-0.3912486433982849
user_1243,1770544171,0.008587292847550998
user_1244,1770544172,0.007654251107851451
user_1245,1770544173,0.015230965764203575
user_1246,1770544174,0.4934246391057968
user_1247,1770544175,-0.910062599927187
user_1248,1770544176,-0.9966349555179477
user_1249,1770544177,0.03702532565148431
user_1250,1770544178,0.01645390925477841
user_1251,1770544179,0.03293760790984379
user_1252,1770544180,-0.9982363180606626
user_1253,1770544181,-0.9992891279689502
user_1254,1770544182,0.005844534379320976
user_1255,1770544183,0.0156371589837363
user_1256,1770544184,-0.9953423861879855
user_1257,1770544185,-0.9802796058356762
user_1258,1770544186,-0.3896772861480713
user_1259,1770544187,0.07721214421326295
user_1260,1770544188,-0.6278694272041321
user_1261,1770544189,0.9583897357806563
user_1262,1770544190,0.018762979803796043
user_1263,1770544191,0.006909540078595455
user_1264,1770544192,-0.23159149289131165
user_1265,1770544193,0.016405662576289615
user_1266,1770544194,0.968955235555768
user_1267,1770544195,0.9696833144407719
user_1268,1770544196,0.025320455722976476
user_1269,1770544197,0.020556370245685684
user_1270,1770544198,-0.07483088970184326
user_1271,1770544199,0.8683067336678505
user_1272,1770544200,-0.9956246763467789
user_1273,1770544201,-0.5599406808614731
user_1274,1770544202,-0.9895349298603833
user_1275,1770544203,-0.15772578120231628
user_1276,1770544204,0.9593713227659464
user_1277,1770544205,0.009070946899555565
user_1278,1770544206,0.009839435891990433
user_1279,1770544207,-0.49628955125808716
user_1280,1770544208,0.014637427066190867
user_1281,1770544209,9.140932939999402e-05
user_1282,1770544210,0.8074048683047295
user_1283,1770544211,0.020731025660097657
user_1284,1770544212,0.0027218315944992355
user_1285,1770544213,0.9416850227862597
user_1286,1770544214,-0.18442746996879578
user_1287,1770544215,0.013091443350276677
user_1288,1770544216,-0.17071664333343506
user_1289,1770544217,-0.6456083804368973
user_1290,1770544218,-0.4529799818992615
user_1291,1770544219,-0.626785159111023
user_1292,1770544220,0.5714484811760485
user_1293,1770544221,-0.6980210244655609
user_1294,1770544222,0.04164519141340861
user_1295,1770544223,0.013609204705062439
user_1296,1770544224,0.9771682880818844
user_1297,1770544225,0.031736963534058305
user_1298,1770544226,-0.9935340464580804
user_1299,1770544227,0.014972226268582745
user_1300,1770544228,-0.9988392249215394
user_1301,1770544229,-0.9992344698694069
user_1302,1770544230,0.7260179221630096
user_1303,1770544231,0.020970533238141797
user_1304,1770544232,0.04921471714624204
user_1305,1770544233,0.7450363039970398
user_1306,1770544234,0.9728406267240644
user_1307,1770544235,0.999999521542894
user_1308,1770544236,0.9408918842673302
user_1309,1770544237,0.9287072122097015
user_1310,1770544238,0.9840039811097085
user_1311,1770544239,0.01732436007296201
user_1312,1770544240,-0.9517285823822021
user_1313,1770544241,0.013391602977208095
user_1314,1770544242,0.6394762293202803
user_1315,1770544243,0.9609490605071187
user_1316,1770544244,-0.9996436487708706
user_1317,1770544245,-0.736712709069252
user_1318,1770544246,-0.9238912910223007
user_1319,1770544247,0.9846267001703382
user_1320,1770544248,-0.9974326733499765
user_1321,1770544249,-0.5904137343168259
user_1322,1770544250,0.005013331789086806
user_1323,1770544251,-0.929319653660059
user_1324,1770544252,0.02282811963596032
user_1325,1770544253,-0.9995756806456484
user_1326,1770544254,0.014643349421021412
user_1327,1770544255,-0.9965825063409284
user_1328,1770544256,0.9637649971991777
user_1329,1770544257,0.9707972276955843
user_1330,1770544258,0.6396972239017487
user_1331,1770544259,0.04343886285278131
user_1332,1770544260,0.010666195426892955
user_1333,1770544261,0.01334758857046836
user_1334,1770544262,-0.7644457668066025
user_1335,1770544263,-0.6766756027936935
user_1336,1770544264,-0.6827882826328278
user_1337,1770544265,0.9710299922153354
user_1338,1770544266,0.7240495979785919
user_1339,1770544267,0.005917528153077001
user_1340,1770544268,0.04342389464727603
user_1341,1770544269,-0.5302516967058182
user_1342,1770544270,0.022548913955688477
user_1343,1770544271,0.9565510526299477
user_1344,1770544272,0.9457384166307747
user_1345,1770544273,0.6362231373786926
user_1346,1770544274,-0.5403749048709869
user_1347,1770544275,-0.9106980003416538
user_1348,1770544276,-0.9990332921443041
user_1349,1770544277,0.00813212802995622
user_1350,1770544278,0.9618547963909805
user_1351,1770544279,0.9688401673920453
user_1352,1770544280,0.03289050747116562
user_1353,1770544281,0.014997682825196534
user_1354,1770544282,0.018773474597765016
user_1355,1770544283,-0.99947548849741
user_1356,1770544284,-0.654719665646553
user_1357,1770544285,-0.31901052594184875
user_1358,1770544286,0.026992098581104074
user_1359,1770544287,0.9797588144429028
user_1360,1770544288,0.017864056125290517
user_1361,1770544289,-0.7191376239061356
user_1362,1770544290,0.7030916512012482
user_1363,1770544291,-0.3012283146381378
user_1364,1770544292,0.6063145101070404
user_1365,1770544293,0.945846211630851
user_1366,1770544294,0.01842678731009073
user_1367,1770544295,-0.9740676926448941
user_1368,1770544296,-0.7034209221601486
user_1369,1770544297,-0.7542935088276863
user_1370,1770544298,0.015932746205180592
user_1371,1770544299,0.026684306882089004
user_1372,1770544300,0.012599025442796119
user_1373,1770544301,0.06989770030486397
user_1374,1770544302,0.01097896310784563
user_1375,1770544303,0.01407088819451019
user_1376,1770544304,-0.9685666244477034
user_1377,1770544305,0.9751825639978051
user_1378,1770544306,0.0008395654731430113
user_1379,1770544307,-0.836139477789402
user_1380,1770544308,-0.9725556122139096
user_1381,1770544309,-0.9680454283952713
user_1382,1770544310,0.03584411449264735
user_1383,1770544311,-0.9088323004543781
user_1384,1770544312,0.01525869348370179
user_1385,1770544313,0.008074370620306581
user_1386,1770544314,-0.9386301096528769
user_1387,1770544315,-0.14671912789344788
user_1388,1770544316,0.02414979809509532
user_1389,1770544317,0.9668262265622616
user_1390,1770544318,-0.37771672010421753
user_1391,1770544319,-0.565706267952919
user_1392,1770544320,-0.39506879448890686
user_1393,1770544321,-0.961394589394331
user_1394,1770544322,0.97228027228266
user_1395,1770544323,0.017401568778950605
user_1396,1770544324,0.785726860165596
user_1397,1770544325,0.027582831777181127
user_1398,1770544326,0.13770067691802979
user_1399,1770544327,0.030701869320182595
user_1400,1770544328,0.8984903767704964
user_1401,1770544329,0.046615954335720744
user_1402,1770544330,0.6548755504190922
user_1403,1770544331,0.9355370551347733
user_1404,1770544332,-0.2788335084915161
user_1405,1770544333,5.595871411756548e-05
user_1406,1770544334,0.011994511498414795
user_1407,1770544335,0.5124247968196869
user_1408,1770544336,0.33210754836909473
user_1409,1770544337,0.010729821079621615
user_1410,1770544338,0.006067452482056979
user_1411,1770544339,-0.9991701349790674
user_1412,1770544340,0.9131342857144773
user_1413,1770544341,-0.9940720761660486
user_1414,1770544342,-0.9993409080780111
user_1415,1770544343,0.5436662435531616
user_1416,1770544344,-0.9706713212653995
user_1417,1770544345,0.007179513488608791
user_1418,1770544346,-0.7587395012378693
user_1419,1770544347,0.08756147705935291
user_1420,1770544348,-0.8939592204988003
user_1421,1770544349,0.02790457010269165
user_1422,1770544350,0.01176848770592187
user_1423,1770544351,0.9571585613302886
user_1424,1770544352,-0.9969778377562761
user_1425,1770544353,-0.13719028234481812
user_1426,1770544354,0.03868228115970851
user_1427,1770544355,0.8235473837703466
user_1428,1770544356,-0.9360358715057373
user_1429,1770544357,-0.9949011076241732
user_1430,1770544358,0.9954821243882179
user_1431,1770544359,0.9613260459154844
user_1432,1770544360,0.6150282472372055
user_1433,1770544361,0.9732592748478055
user_1434,1770544362,0.9358136542141438
user_1435,1770544363,-0.9957813394721597
user_1436,1770544364,-0.9820340434089303
user_1437,1770544365,-0.9910058970563114
user_1438,1770544366,-0.9348430670797825
user_1439,1770544367,-0.9682764932513237
user_1440,1770544368,-0.9204399287700653
user_1441,1770544369,-0.9909699657000601
user_1442,1770544370,0.019611489713497576
user_1443,1770544371,-0.9999509163262701
user_1444,1770544372,-0.9386568833142519
user_1445,1770544373,0.01858431457003462
user_1446,1770544374,-0.9056589677929878
user_1447,1770544375,0.9708988703787327
user_1448,1770544376,0.012778729204001138
user_1449,1770544377,-0.9958046288229525
user_1450,1770544378,0.8930394547060132
user_1451,1770544379,0.9223333487752825
user_1452,1770544380,0.027369492992875166
user_1453,1770544381,-0.1774318516254425
user_1454,1770544382,-0.9425780307501554
user_1455,1770544383,0.025555523659932078
user_1456,1770544384,-0.9854910606518388
user_1457,1770544385,0.02292548922196147
user_1458,1770544386,0.018978995547513478
user_1459,1770544387,0.4772765338420868
user_1460,1770544388,-0.9138154350221157
user_1461,1770544389,0.006651477253399207
user_1462,1770544390,-0.9912313614040613
user_1463,1770544391,0.013976375754282344
user_1464,1770544392,-0.9802091931924224
user_1465,1770544393,-0.9953619870357215
user_1466,1770544394,-0.9901626813225448
user_1467,1770544395,0.040221664334239904
user_1468,1770544396,-0.9620845504105091
user_1469,1770544397,0.013624525785417063
user_1470,1770544398,0.7904799655079842
user_1471,1770544399,-0.9973446038784459
user_1472,1770544400,-0.8646853566169739
user_1473,1770544401,0.012876731590040436
user_1474,1770544402,0.06842251450143522
user_1475,1770544403,-0.9980988780735061
user_1476,1770544404,0.03386329361819662
user_1477,1770544405,0.25208568572998047
user_1478,1770544406,0.03278413985390216
user_1479,1770544407,-0.9797267382964492
user_1480,1770544408,0.9790407381951809
user_1481,1770544409,-0.9929347245488316
user_1482,1770544410,-0.17192378640174866
user_1483,1770544411,-0.6935055404901505
user_1484,1770544412,-0.9989160593249835
user_1485,1770544413,0.2931564152240753
user_1486,1770544414,0.9700267594307661
user_1487,1770544415,-0.46213454008102417
user_1488,1770544416,0.05258431733091129
user_1489,1770544417,-0.028979867696762085
user_1490,1770544418,-0.8820811286568642
user_1491,1770544419,-0.9999294262233889
user_1492,1770544420,0.9209388587623835
user_1493,1770544421,-0.9552795886993408
user_1494,1770544422,-0.8279519900679588
user_1495,1770544423,0.23164066672325134
user_1496,1770544424,0.013889704197936226
user_1497,1770544425,0.6397465169429779
user_1498,1770544426,0.01700702548441768
user_1499,1770544427,0.6300447434186935
user_1500,1770544428,0.021669275487511186
user_1501,1770544429,-0.996285866596736
user_1502,1770544430,0.9207043722271919
user_1503,1770544431,0.97731489315629
user_1504,1770544432,0.9679965656250715
user_1505,1770544433,-0.9664333034306765
user_1506,1770544434,0.9289449416100979
user_1507,1770544435,0.9647632203996181
user_1508,1770544436,-0.5091044753789902
user_1509,1770544437,0.2423850952181965
user_1510,1770544438,0.19638310139998794
user_1511,1770544439,-0.9953626559581608
user_1512,1770544440,0.9274829514324665
user_1513,1770544441,-0.9954159413464367
user_1514,1770544442,-0.7312695980072021
user_1515,1770544443,-0.9915291876532137
user_1516,1770544444,0.01747193396295188
user_1517,1770544445,0.9693784359842539
user_1518,1770544446,0.8432654365897179
user_1519,1770544447,-0.9997713606135221
user_1520,1770544448,-0.9838308822363615
user_1521,1770544449,-0.9388806223869324
user_1522,1770544450,0.022138273612654302
user_1523,1770544451,-0.8841968439519405
user_1524,1770544452,0.023421956364472862
user_1525,1770544453,-0.9805295849218965
user_1526,1770544454,-0.9680912159383297
user_1527,1770544455,-0.9984878009418026
user_1528,1770544456,0.9215511940419674
user_1529,1770544457,-0.9911396666429937
user_1530,1770544458,0.024111596983857453
user_1531,1770544459,-0.9464160110801458
user_1532,1770544460,-0.9970145103288814
user_1533,1770544461,-0.999635450905771
user_1534,1770544462,0.9667628868483007
user_1535,1770544463,0.9319701939821243
user_1536,1770544464,0.04842257481868728
user_1537,1770544465,0.011088888360973215
user_1538,1770544466,0.013256495645691757
user_1539,1770544467,0.9616755805909634
user_1540,1770544468,0.008491051230521407
user_1541,1770544469,0.7804343029856682
user_1542,1770544470,-0.8307705149054527
user_1543,1770544471,-0.9989269309444353
user_1544,1770544472,0.024290610796015244
user_1545,1770544473,0.9557282056193799
user_1546,1770544474,0.8981311172246933
user_1547,1770544475,-0.9895861279219389
user_1548,1770544476,-0.9477829895913601
user_1549,1770544477,0.01957861064147437
user_1550,1770544478,0.008687562311024521
user_1551,1770544479,-0.9948746329173446
user_1552,1770544480,0.950155277736485
user_1553,1770544481,-0.9996405509882607
user_1554,1770544482,0.016804169117676793
user_1555,1770544483,0.017067004140699282
user_1556,1770544484,-0.9356506355106831
user_1557,1770544485,0.0007024028539603933
user_1558,1770544486,-0.9959051636978984
user_1559,1770544487,0.9493202245794237
user_1560,1770544488,-0.8037257641553879
user_1561,1770544489,0.00011156782647958607
user_1562,1770544490,-0.9863331210799515
user_1563,1770544491,0.025965332160922117
user_1564,1770544492,0.47088056802749634
user_1565,1770544493,0.011192145019776945
user_1566,1770544494,0.023439954236891936
user_1567,1770544495,-0.9811953073367476
user_1568,1770544496,-0.9986831864807755
user_1569,1770544497,0.9479444213211536
user_1570,1770544498,0.04549198995664483
user_1571,1770544499,0.9389642532914877
user_1572,1770544500,0.9685529163107276
user_1573,1770544501,-0.8966077081859112
user_1574,1770544502,0.17390093207359314
user_1575,1770544503,0.9797596408752725
user_1576,1770544504,0.00674524544410815
user_1577,1770544505,-0.43962040543556213
user_1578,1770544506,-0.9994109387043864
user_1579,1770544507,-0.9613978080451488
user_1580,1770544508,0.0057062759433392785
user_1581,1770544509,-0.98796596378088
user_1582,1770544510,-0.9981159163289703
user_1583,1770544511,0.009867811931144388
user_1584,1770544512,0.9752534246072173
user_1585,1770544513,0.009474928719100717
user_1586,1770544514,-0.6707538813352585
user_1587,1770544515,-0.7576592341065407
user_1588,1770544516,0.01429453128912428
user_1589,1770544517,-0.6955353617668152
user_1590,1770544518,-0.9846325111575425
user_1591,1770544519,0.036452011052460875
user_1592,1770544520,0.9133018627762794
user_1593,1770544521,0.5491775870323181
user_1594,1770544522,0.030894486219040118
user_1595,1770544523,0.9383620675653219
user_1596,1770544524,-0.9971728215459734
user_1597,1770544525,-0.18304547667503357
user_1598,1770544526,0.6932368725538254
user_1599,1770544527,-0.9706314606592059
user_1600,1770544528,-0.9970222574193031
user_1601,1770544529,-0.2935882806777954
user_1602,1770544530,-0.7589984014630318
user_1603,1770544531,0.03627799758396577
user_1604,1770544532,0.017620385837290087
user_1605,1770544533,0.6881899535655975
user_1606,1770544534,0.0011888915516919951
user_1607,1770544535,0.9279532488435507
user_1608,1770544536,0.011199387421129359
user_1609,1770544537,0.9118003696203232
user_1610,1770544538,0.39655162347480655
user_1611,1770544539,0.895676311571151
user_1612,1770544540,0.008873088289874431
user_1613,1770544541,0.9676589798182249
user_1614,1770544542,-0.9191102311015129
user_1615,1770544543,0.7154961079359055
user_1616,1770544544,0.022261166290263645
user_1617,1770544545,0.9769613761454821
user_1618,1770544546,0.009275812210944423
user_1619,1770544547,-0.9927560929208994
user_1620,1770544548,0.011207830231796834
user_1621,1770544549,0.019446998834609985
user_1622,1770544550,0.03340779585414566
user_1623,1770544551,0.9763998929411173
user_1624,1770544552,-0.6672636866569519
user_1625,1770544553,-0.9649085383862257
user_1626,1770544554,0.9422847833484411
user_1627,1770544555,0.28015246987342834
user_1628,1770544556,-0.8888093829154968
user_1629,1770544557,-0.9901267918758094
user_1630,1770544558,-0.6681164056062698
user_1631,1770544559,-0.9973359450232238
user_1632,1770544560,0.05424640018463833
user_1633,1770544561,0.018242138732603053
user_1634,1770544562,0.015424352997797541
user_1635,1770544563,-0.9541929718106985
user_1636,1770544564,-0.908971443772316
user_1637,1770544565,0.9486019983887672
user_1638,1770544566,-0.989272465929389
user_1639,1770544567,0.6754401627695188
user_1640,1770544568,0.012103577166271862
user_1641,1770544569,0.015117612259928137
user_1642,1770544570,0.9703220659866929
user_1643,1770544571,0.9538006214424968
user_1644,1770544572,0.9561704508960247
user_1645,1770544573,0.012517213093815371
user_1646,1770544574,0.3192881834693253
user_1647,1770544575,-0.7026584595441818
user_1648,1770544576,0.009840912800427759
user_1649,1770544577,0.9006936624646187
user_1650,1770544578,-0.9005206748843193
user_1651,1770544579,0.9785461667925119
user_1652,1770544580,0.09046723536448553
user_1653,1770544581,-0.8637300885675359
user_1654,1770544582,-0.9785983553156257
user_1655,1770544583,-0.8766350075602531
user_1656,1770544584,-0.9935721615329385
user_1657,1770544585,0.3378826081752777
user_1658,1770544586,0.7434125987347215
user_1659,1770544587,-0.9804570935666561
user_1660,1770544588,0.2648397982120514
user_1661,1770544589,0.4516661763191223
user_1662,1770544590,0.9255848117172718
user_1663,1770544591,0.04357286541198846
user_1664,1770544592,0.008225114505876263
user_1665,1770544593,-0.7045134007930756
user_1666,1770544594,-0.35911038517951965
user_1667,1770544595,0.9473785716108978
user_1668,1770544596,-0.6661336570978165
user_1669,1770544597,-0.7192077785730362
user_1670,1770544598,-0.8638909682631493
user_1671,1770544599,0.9837590116076171
user_1672,1770544600,-0.9934771517291665
user_1673,1770544601,-0.7525489553809166
user_1674,1770544602,0.031748562407301506
user_1675,1770544603,0.9419136592186987
user_1676,1770544604,-0.8412880450487137
user_1677,1770544605,0.9789856867864728
user_1678,1770544606,0.025359247671076446
user_1679,1770544607,0.023091393788490677
user_1680,1770544608,-0.996846990659833
user_1681,1770544609,-0.9997714730488951
user_1682,1770544610,-0.9987999435979873
user_1683,1770544611,0.0035483322899381164
user_1684,1770544612,-0.9395806342363358
user_1685,1770544613,-0.8806516528129578
user_1686,1770544614,0.9834908591583371
user_1687,1770544615,0.9717918378300965
user_1688,1770544616,-0.5754121989011765
user_1689,1770544617,-0.9759106310084462
user_1690,1770544618,0.9602554682642221
user_1691,1770544619,0.02636128907033708
user_1692,1770544620,0.004071950912475586
user_1693,1770544621,-0.9904960221610963
user_1694,1770544622,0.9760236861184239
user_1695,1770544623,0.03461320075984986
user_1696,1770544624,0.013033291514148004
user_1697,1770544625,0.9541327152401209
user_1698,1770544626,0.009035307983140228
user_1699,1770544627,0.00689979023172782
user_1700,1770544628,0.01336022900613898
user_1701,1770544629,-0.9063510820269585
user_1702,1770544630,0.026005117357271956
user_1703,1770544631,-0.7084868550300598
user_1704,1770544632,-0.23643794655799866
user_1705,1770544633,0.032104011577757774
user_1706,1770544634,-0.994026591302827
user_1707,1770544635,0.01395817622415052
user_1708,1770544636,0.02846255934855435
user_1709,1770544637,-0.26311221718788147
user_1710,1770544638,0.03995860464783618
user_1711,1770544639,-0.8196699693799019
user_1712,1770544640,-0.9474688582122326
user_1713,1770544641,0.9767504530027509
user_1714,1770544642,0.02499290991181624
user_1715,1770544643,0.028128320616815472
user_1716,1770544644,-0.9911700384691358
user_1717,1770544645,0.8036225140094757
user_1718,1770544646,0.7388766296207905
user_1719,1770544647,-0.9906929265707731
user_1720,1770544648,0.2591125280596316
user_1721,1770544649,0.059744104772107676
user_1722,1770544650,-0.9999911678451099
user_1723,1770544651,-0.9710926553234458
user_1724,1770544652,-0.9615655820816755
user_1725,1770544653,-0.6896921843290329
user_1726,1770544654,0.9929006875026971
user_1727,1770544655,0.3018469911185093
user_1728,1770544656,0.610192853724584
user_1729,1770544657,0.9364926218986511
user_1730,1770544658,0.6453393399715424
user_1731,1770544659,-0.9990540345897898
user_1732,1770544660,-0.9782279497012496
user_1733,1770544661,0.9545643031597137
user_1734,1770544662,-0.42795708775520325
user_1735,1770544663,0.9945080492034322
user_1736,1770544664,-0.996976503636688
user_1737,1770544665,0.005992546878587746
user_1738,1770544666,-0.7585203573107719
user_1739,1770544667,0.7943725287914276
user_1740,1770544668,0.9650603246409446
user_1741,1770544669,0.013503900935575075
user_1742,1770544670,-0.09678575396537781
user_1743,1770544671,0.7537261322140694
user_1744,1770544672,0.739801213145256
user_1745,1770544673,-0.8063286691904068
user_1746,1770544674,0.979173437692225
user_1747,1770544675,-0.9995137136720587
user_1748,1770544676,-0.9996611221140483
user_1749,1770544677,0.02721537106208416
user_1750,1770544678,0.01664842496302299
user_1751,1770544679,-0.9938400480896235
user_1752,1770544680,0.6637619957327843
user_1753,1770544681,-0.7659962102770805
user_1754,1770544682,-0.6110379844903946
user_1755,1770544683,-0.9998647008978878
user_1756,1770544684,-0.9829152319580317
user_1757,1770544685,0.013517971244255023
user_1758,1770544686,-0.17901793122291565
user_1759,1770544687,0.015636160960639245
user_1760,1770544688,0.005954470403594314
user_1761,1770544689,0.7118244022130966
user_1762,1770544690,0.7445390298962593
user_1763,1770544691,-0.9858644651249051
user_1764,1770544692,0.966945780441165
user_1765,1770544693,0.7453912645578384
user_1766,1770544694,-0.982358013279736
user_1767,1770544695,-0.9867323744110763
user_1768,1770544696,0.971715746447444
user_1769,1770544697,0.039442975579731865
user_1770,1770544698,-0.7972432747483253
user_1771,1770544699,0.9290190213359892
user_1772,1770544700,-0.9944597347639501
user_1773,1770544701,0.16410715132951736
user_1774,1770544702,0.7496296763420105
user_1775,1770544703,7.2606824353727e-05
user_1776,1770544704,0.9652550732716918
user_1777,1770544705,-0.9797872053459287
user_1778,1770544706,-0.634587749838829
user_1779,1770544707,-0.9021887443959713
user_1780,1770544708,-0.9992396211600862
user_1781,1770544709,0.9677857486531138
user_1782,1770544710,-0.9996335962641751
user_1783,1770544711,-0.921269528567791
user_1784,1770544712,0.0017315889342626178
user_1785,1770544713,0.01085408526705578
user_1786,1770544714,0.017967655653137626
user_1787,1770544715,0.00847051324262793
user_1788,1770544716,0.9420834332704544
user_1789,1770544717,-0.9766776347532868
user_1790,1770544718,-0.5143374055624008
user_1791,1770544719,0.8706997483968735
user_1792,1770544720,-0.995076428167522
user_1793,1770544721,0.970812807790935
user_1794,1770544722,-0.9989686809130944
user_1795,1770544723,0.9669626262038946
user_1796,1770544724,0.013379797328525456
user_1797,1770544725,0.9862749427556992
user_1798,1770544726,0.8340407162904739
user_1799,1770544727,0.8805285878479481
user_1800,1770544728,0.013675739382961183
user_1801,1770544729,0.058402031660079956
user_1802,1770544730,0.6265657246112823
user_1803,1770544731,0.008430769716142095
user_1804,1770544732,-0.7998074814677238
user_1805,1770544733,-0.2426765263080597
user_1806,1770544734,-0.9416646007448435
user_1807,1770544735,0.012060625746926235
user_1808,1770544736,-0.9626644775271416
user_1809,1770544737,0.9300151243805885
user_1810,1770544738,-0.9386013876646757
user_1811,1770544739,-0.894769836217165
user_1812,1770544740,0.9717333894222975
user_1813,1770544741,-0.8593201488256454
user_1814,1770544742,0.2397702861126163
user_1815,1770544743,0.009257966248696903
user_1816,1770544744,-0.38856518268585205
user_1817,1770544745,-0.09382429718971252
user_1818,1770544746,0.8277517557144165
user_1819,1770544747,0.9667973360046744
user_1820,1770544748,-0.8889802657067776
user_1821,1770544749,-0.4147269129753113
user_1822,1770544750,0.012115762009671016
user_1823,1770544751,0.010087951962304942
user_1824,1770544752,0.8725677821639692
user_1825,1770544753,0.007739597240288276
user_1826,1770544754,0.9729417823255062
user_1827,1770544755,0.01122522927744285
user_1828,1770544756,-0.7481242418289185
user_1829,1770544757,0.020645250981033314
user_1830,1770544758,0.022530144597112667
user_1831,1770544759,-0.9176060631871223
user_1832,1770544760,0.8086590245366096
user_1833,1770544761,-0.9974707243964076
user_1834,1770544762,-0.6596248894929886
user_1835,1770544763,-0.9776868494227529
user_1836,1770544764,0.9539593476802111
user_1837,1770544765,0.9762727674096823
user_1838,1770544766,-0.9877550243400037
user_1839,1770544767,0.9604811780154705
user_1840,1770544768,0.005194196666707285
user_1841,1770544769,-0.7380112558603287
user_1842,1770544770,0.8836253359913826
user_1843,1770544771,0.9610431510955095
user_1844,1770544772,0.9684842564165592
user_1845,1770544773,-0.6106412708759308
user_1846,1770544774,0.02515217323525576
user_1847,1770544775,0.0066364963145133515
user_1848,1770544776,0.008945245989707473
user_1849,1770544777,0.015247215457748098
user_1850,1770544778,0.9115048497915268
user_1851,1770544779,0.9321527837309986
user_1852,1770544780,-0.9527674484997988
user_1853,1770544781,0.9556941632181406
user_1854,1770544782,0.9957632419900619
user_1855,1770544783,0.9852344114333391
user_1856,1770544784,-0.9663961809128523
user_1857,1770544785,0.9449006458744407
user_1858,1770544786,0.9230161495506763
user_1859,1770544787,-0.8095644265413284
user_1860,1770544788,-0.5733561962842941
user_1861,1770544789,0.023891723049018765
user_1862,1770544790,0.01266745133943914
user_1863,1770544791,-0.9964140196098015
user_1864,1770544792,-0.15660730004310608
user_1865,1770544793,-0.8784530013799667
user_1866,1770544794,-0.5825162976980209
user_1867,1770544795,0.9154670778661966
user_1868,1770544796,0.019858342759107472
user_1869,1770544797,0.004272877467656144
user_1870,1770544798,-0.037272244691848755
user_1871,1770544799,-0.974400301463902
user_1872,1770544800,0.016385554205044173
user_1873,1770544801,-0.9979407689534128
user_1874,1770544802,0.5443566590547562
user_1875,1770544803,0.8722683927044272
user_1876,1770544804,0.9239234961569309
user_1877,1770544805,-0.9693727949634194
user_1878,1770544806,-0.962908286601305
user_1879,1770544807,0.053517183507210575
user_1880,1770544808,0.04252588327290141
user_1881,1770544809,0.01311877524949523
user_1882,1770544810,0.6463944017887115
user_1883,1770544811,0.0062548073105972435
user_1884,1770544812,-0.9897738234139979
user_1885,1770544813,-0.8224900215864182
user_1886,1770544814,-0.5467263013124466
user_1887,1770544815,0.9844297091476619
user_1888,1770544816,0.6423080116510391
user_1889,1770544817,0.9641257785260677
user_1890,1770544818,0.7572983950376511
user_1891,1770544819,0.9759928453713655
user_1892,1770544820,-0.7007800042629242
user_1893,1770544821,-0.9909352688118815
user_1894,1770544822,0.01287639353358827
user_1895,1770544823,-0.9910819013603032
user_1896,1770544824,0.028279521960939746
user_1897,1770544825,0.924477558352919
user_1898,1770544826,-0.9711419502273202
user_1899,1770544827,-0.9533877782523632
user_1900,1770544828,-0.9001237042248249
user_1901,1770544829,0.8095818962901831
user_1902,1770544830,0.6562981754541397
user_1903,1770544831,0.965229719877243
user_1904,1770544832,0.00980043517301965
user_1905,1770544833,0.011179855217051227
user_1906,1770544834,-0.9990882496349514
user_1907,1770544835,-0.9969782007392496
user_1908,1770544836,0.9731229171156883
user_1909,1770544837,-0.9994595884054434
user_1910,1770544838,0.9679084774106741
user_1911,1770544839,0.532311275601387
user_1912,1770544840,0.018499300924304407
user_1913,1770544841,0.055886924266815186
user_1914,1770544842,0.9196827709674835
user_1915,1770544843,-0.7586150094866753
user_1916,1770544844,-0.9827207094058394
user_1917,1770544845,0.011658404954687285
user_1918,1770544846,0.020215715190715855
user_1919,1770544847,-0.7585985511541367
user_1920,1770544848,0.9598461017012596
user_1921,1770544849,-0.941348509863019
user_1922,1770544850,0.5083998739719391
user_1923,1770544851,0.019914761322070262
user_1924,1770544852,0.11994011024944484
user_1925,1770544853,-0.6259507089853287
user_1926,1770544854,0.021090234885377868
user_1927,1770544855,-0.9607438538223505
user_1928,1770544856,0.01707109141352703
user_1929,1770544857,-0.3675408959388733
user_1930,1770544858,0.009238208949682303
user_1931,1770544859,0.9012937545776367
user_1932,1770544860,0.9817475154995918
user_1933,1770544861,-0.9240000173449516
user_1934,1770544862,0.015303545293136267
user_1935,1770544863,-0.9140824750065804
user_1936,1770544864,0.01115095583099901
user_1937,1770544865,0.06842839880482643
user_1938,1770544866,-0.3905402719974518
user_1939,1770544867,-0.9827911406755447
user_1940,1770544868,0.015397980089801422
user_1941,1770544869,0.11366681222716579
user_1942,1770544870,0.1630606625112705
user_1943,1770544871,-0.9103455543518066
user_1944,1770544872,-0.8890634886920452
user_1945,1770544873,0.016499958621352562
user_1946,1770544874,0.014015402697623358
user_1947,1770544875,0.018037631672996213
user_1948,1770544876,0.010685502732485475
user_1949,1770544877,0.009048214361428109
user_1950,1770544878,0.9789562015794218
user_1951,1770544879,-0.9783656867220998
user_1952,1770544880,7.878334301381074e-05
user_1953,1770544881,-0.992111845407635
user_1954,1770544882,-0.9554328974336386
user_1955,1770544883,-0.9892620039172471
user_1956,1770544884,0.025228000535207684
user_1957,1770544885,0.012790445553036989
user_1958,1770544886,-0.9842416513711214
user_1959,1770544887,0.9776550987735391
user_1960,1770544888,0.9421468954533339
user_1961,1770544889,-0.9984798857476562
user_1962,1770544890,0.00011295937723332372
user_1963,1770544891,0.008740675930312136
user_1964,1770544892,0.37458563449035864
user_1965,1770544893,0.9530524546280503
user_1966,1770544894,-0.9936787742190063
user_1967,1770544895,-0.950060160830617
user_1968,1770544896,-0.8962590619921684
user_1969,1770544897,0.014531240847645677
user_1970,1770544898,0.9829639792442322
user_1971,1770544899,-0.9626629836857319
user_1972,1770544900,0.9722436191514134
user_1973,1770544901,-0.9800924109295011
user_1974,1770544902,0.025048568237252766
user_1975,1770544903,0.8355479761958122
user_1976,1770544904,0.013659225748597237
user_1977,1770544905,0.4528347849845886
user_1978,1770544906,-0.9392296504229307
user_1979,1770544907,-0.2050674557685852
user_1980,1770544908,0.2869654595851898
user_1981,1770544909,0.033456632216257276
user_1982,1770544910,0.9829491246491671
user_1983,1770544911,0.9329100698232651
user_1984,1770544912,0.05325327010359615
user_1985,1770544913,-0.9985004260088317
user_1986,1770544914,0.9597642053849995
user_1987,1770544915,0.015474139554498834
user_1988,1770544916,0.0702054500579834
user_1989,1770544917,-0.9571489691734314
user_1990,1770544918,0.008675866112753283
user_1991,1770544919,-0.9923764073755592
user_1992,1770544920,0.059777041140478104
user_1993,1770544921,0.9357637364882976
user_1994,1770544922,-0.8227915614843369
user_1995,1770544923,-0.9624276887625456
user_1996,1770544924,0.6870819330215454
user_1997,1770544925,0.6329551488161087
user_1998,1770544926,0.1672094464302063
user_1999,1770544927,-0.9881854918785393
user_2000,1770544928,0.9741001529619098
user_2001,1770544929,0.022694037043038406
user_2002,1770544930,0.011240059181545803
user_2003,1770544931,0.4608868360519409
user_2004,1770544932,0.010415609444862639
user_2005,1770544933,0.037193546839262126
user_2006,1770544934,-0.930046621710062
user_2007,1770544935,-0.8744525462388992
user_2008,1770544936,-0.655694916844368
user_2009,1770544937,-0.6587125360965729
user_2010,1770544938,-0.9741902137175202
user_2011,1770544939,0.017071493439289043
user_2012,1770544940,0.01749962568283081
user_2013,1770544941,0.04102790668912348
user_2014,1770544942,0.968657867051661
user_2015,1770544943,-0.749849908053875
user_2016,1770544944,-0.998400391661562
user_2017,1770544945,0.7414107397198677
user_2018,1770544946,0.017645615722358343
user_2019,1770544947,-0.9975483583984897
user_2020,1770544948,-0.7576415985822678
user_2021,1770544949,0.017395518647390418
user_2022,1770544950,-0.9700733227655292
user_2023,1770544951,0.9477844275534153
user_2024,1770544952,-0.9929747092537582
user_2025,1770544953,0.08137843012809753
user_2026,1770544954,0.021052468473499175
user_2027,1770544955,-0.8968992978334427
user_2028,1770544956,0.007701637897298497
user_2029,1770544957,0.014634172463047435
user_2030,1770544958,0.976906580850482
user_2031,1770544959,0.02173834310451639
user_2032,1770544960,0.004573319713927049
user_2033,1770544961,0.015601130758113868
user_2034,1770544962,0.05493763364938786
user_2035,1770544963,0.002692948206458823
user_2036,1770544964,0.9556301347911358
user_2037,1770544965,0.03336355353167164
user_2038,1770544966,-0.9372382089495659
user_2039,1770544967,-0.5118368417024612
user_2040,1770544968,0.14930210725287907
user_2041,1770544969,0.9332266449928284
user_2042,1770544970,0.13534188270568848
user_2043,1770544971,-0.9490991644561291
user_2044,1770544972,0.011745931687983102
user_2045,1770544973,0.01507065105761285
user_2046,1770544974,0.8376821428537369
user_2047,1770544975,0.9753950191661716
user_2048,1770544976,0.9110310487449169
user_2049,1770544977,0.8905734047293663
user_2050,1770544978,-0.9980839135823771
user_2051,1770544979,0.020910790946800262
user_2052,1770544980,0.024561202528275317
user_2053,1770544981,0.01503998683529062
user_2054,1770544982,0.9563573561608791
user_2055,1770544983,0.9591369545087218
user_2056,1770544984,0.7327495134304627
user_2057,1770544985,-0.7837011814117432
user_2058,1770544986,-0.9493238124996424
user_2059,1770544987,-0.9801662480458617
user_2060,1770544988,-0.998799946741201
user_2061,1770544989,0.9745462164282799
user_2062,1770544990,0.07282785899224109
user_2063,1770544991,0.007262937553605298
user_2064,1770544992,-0.8646263852715492
user_2065,1770544993,0.011555567971299752
user_2066,1770544994,0.01234112145493782
user_2067,1770544995,-0.9794139545410872
user_2068,1770544996,-0.9868643991649151
user_2069,1770544997,0.9212217517197132
user_2070,1770544998,-0.03324282169342041
user_2071,1770544999,-0.9886518940329552
user_2072,1770545000,0.014914779441824066
user_2073,1770545001,-0.5902925431728363
user_2074,1770545002,0.0024813762971689357
user_2075,1770545003,-0.9993271696730517
user_2076,1770545004,0.01691008462876198
user_2077,1770545005,0.09701516819768585
user_2078,1770545006,-0.9994462019240018
user_2079,1770545007,0.008815530380161363
user_2080,1770545008,0.015453590547622298
user_2081,1770545009,0.9646551553159952
user_2082,1770545010,0.9221998788416386
user_2083,1770545011,-0.20281019806861877
user_2084,1770545012,0.964714031200856
user_2085,1770545013,0.005406137453974225
user_2086,1770545014,0.008456092578853713
user_2087,1770545015,0.9490690007805824
user_2088,1770545016,0.953387244604528
user_2089,1770545017,0.01959641069151985
user_2090,1770545018,-0.9734028754755855
user_2091,1770545019,-0.997679203748703
user_2092,1770545020,-0.9947388230357319
user_2093,1770545021,-0.20090556144714355
user_2094,1770545022,0.01310170017859491
user_2095,1770545023,0.9419659543782473
user_2096,1770545024,0.008983640325823217
user_2097,1770545025,0.0032900442547543207
user_2098,1770545026,0.011636195716164366
user_2099,1770545027,-0.9915808290243149
user_2100,1770545028,-0.9945573783479631
user_2101,1770545029,-0.9935982311144471
user_2102,1770545030,-0.786247044801712
user_2103,1770545031,-0.24533692002296448
user_2104,1770545032,0.8461869210295845
user_2105,1770545033,0.00585119157221925
user_2106,1770545034,0.535739541053772
user_2107,1770545035,0.013911997182731284
user_2108,1770545036,0.9746659193187952
user_2109,1770545037,0.9420599183067679
user_2110,1770545038,-0.9903866522945464
user_2111,1770545039,0.9720449391752481
user_2112,1770545040,0.9488077443093061
user_2113,1770545041,0.9590690417098813
user_2114,1770545042,0.03125913745316211
user_2115,1770545043,0.9471665471792221
user_2116,1770545044,-0.4630831480026245
user_2117,1770545045,0.014301687545412278
user_2118,1770545046,0.020501217386481585
user_2119,1770545047,0.9681559428572655
user_2120,1770545048,-0.7093339711427689
user_2121,1770545049,0.9047293644398451
user_2122,1770545050,0.019087182079601916
user_2123,1770545051,0.012413796979672043
user_2124,1770545052,-0.9965970759512857
user_2125,1770545053,0.02141197471792111
user_2126,1770545054,0.9617768991738558
user_2127,1770545055,0.005333018259079836
user_2128,1770545056,0.32641837000846863
user_2129,1770545057,-0.9998708976127091
user_2130,1770545058,-0.9789819223806262
user_2131,1770545059,0.0163230512807786
